Rk,Player,Age,Team,Lg,WAR,W,L,W-L%,ERA,G,GS,GF,CG,SHO,SV,IP,H,R,ER,HR,BB,IBB,SO,HBP,BK,WP,BF,ERA+,FIP,WHIP,H9,HR9,BB9,SO9,SO/BB,Awards,Player-additional
1,Logan Webb,28,SFG,NL,3.8,15,11,.577,3.22,34,34,0,0,0,0,207.0,210,82,74,14,46,0,224,6,0,2,856,124,2.60,1.237,9.1,0.6,2.0,9.7,4.87,ASCYA-4GG,webblo01
2,Garrett Crochet*,26,BOS,AL,6.3,18,5,.783,2.59,32,32,0,1,1,0,205.1,165,62,59,24,46,0,255,3,3,7,814,159,2.89,1.028,7.2,1.1,2.0,11.2,5.54,ASCYA-2MVP-8,crochga01
3,Cristopher Sánchez*,28,PHI,NL,8.0,13,5,.722,2.50,32,32,0,1,0,0,202.0,171,58,56,12,44,0,212,6,1,6,807,176,2.55,2.55,1.064,7.6,0.5,2.0,9.4,4.82,CYA-2MVP-15,sanchcr01
4,Max Fried*,31,NYY,AL,4.4,19,5,.792,2.86,32,32,0,0,0,0,195.1,164,73,62,14,51,0,189,10,1,8,801,142,3.07,1.101,7.6,0.6,2.3,8.7,3.71,ASCYA-4GG,friedma01
5,Carlos Rodón*,32,NYY,AL,4.6,18,9,.667,3.09,33,33,0,0,0,0,195.1,132,74,67,22,73,0,203,9,0,4,789,132,3.78,1.049,6.1,1.0,3.4,9.4,2.78,ASCYA-6,rodonca01
6,Tarik Skubal*,28,DET,AL,6.5,13,6,.684,2.21,31,31,0,1,1,0,195.1,141,55,48,18,33,0,241,5,2,3,748,187,2.45,0.891,6.5,0.8,1.5,11.1,7.30,ASCYA-1MVP-5,skubata01
7,Kevin Gausman,34,TOR,AL,3.8,10,11,.476,3.59,32,32,0,1,1,0,193.0,155,79,77,21,50,2,189,3,2,1,775,119,3.41,1.062,7.2,1.0,2.3,8.8,3.78,,gausmke01
8,Zac Gallen,29,ARI,NL,1.1,13,15,.464,4.83,33,33,0,0,0,0,192.0,176,109,103,31,66,1,175,4,0,2,813,89,4.50,1.260,8.3,1.5,3.1,8.2,2.65,,galleza01
9,Framber Valdez*,31,HOU,AL,3.8,13,11,.542,3.66,31,31,0,2,0,0,192.0,171,82,78,15,68,0,187,7,1,12,802,114,3.37,1.245,8.0,0.7,3.2,8.8,2.75,,valdefr01
10,Paul Skenes,23,PIT,NL,7.7,10,10,.500,1.97,32,32,0,1,0,0,187.2,136,45,41,11,42,0,216,6,0,2,733,217,2.36,0.948,6.5,0.5,2.0,10.4,5.14,ASCYA-1MVP-6,skenepa01
11,Bryan Woo,25,SEA,AL,4.2,15,7,.682,2.94,30,30,0,0,0,0,186.2,137,64,61,26,36,0,198,4,0,3,731,128,3.47,0.927,6.6,1.3,1.7,9.5,5.50,ASCYA-5,woobr01
12,Zack Littell,29,2TM,2LG,3.2,10,8,.556,3.81,32,32,0,1,0,0,186.2,174,81,79,36,32,1,130,7,0,3,759,111,4.88,1.104,8.4,1.7,1.5,6.3,4.06,,litteza01
12,Zack Littell,29,TBR,AL,2.4,8,8,.500,3.58,22,22,0,1,0,0,133.1,128,53,53,26,21,1,89,5,0,2,537,115,4.92,1.118,8.6,1.8,1.4,6.0,4.24,,litteza01
12,Zack Littell,29,CIN,NL,0.8,2,0,1.000,4.39,10,10,0,0,0,0,53.1,46,28,26,10,11,0,41,2,0,1,222,105,4.77,1.069,7.8,1.7,1.9,6.9,3.73,,litteza01
13,Hunter Brown,26,HOU,AL,6.1,12,9,.571,2.43,31,31,0,1,0,0,185.1,133,55,50,17,57,1,206,7,1,0,729,172,3.14,1.025,6.5,0.8,2.8,10.0,3.61,ASCYA-3,brownhu01
14,Merrill Kelly,36,2TM,2LG,2.9,12,9,.571,3.52,32,32,0,0,0,0,184.0,157,79,72,23,48,0,167,2,2,1,748,117,3.76,1.114,7.7,1.1,2.3,8.2,3.48,,kellyme01
14,Merrill Kelly,36,ARI,NL,3.0,9,6,.600,3.22,22,22,0,0,0,0,128.2,98,53,46,14,38,0,121,1,1,0,514,134,3.58,1.057,6.9,1.0,2.7,8.5,3.18,,kellyme01
14,Merrill Kelly,36,TEX,AL,0.0,3,3,.500,4.23,10,10,0,0,0,0,55.1,59,26,26,9,10,0,46,1,1,1,234,87,4.18,1.247,9.6,1.5,1.6,7.5,4.60,,kellyme01
15,Jesús Luzardo*,27,PHI,NL,3.9,15,7,.682,3.92,32,32,0,0,0,0,183.2,167,85,80,16,57,0,216,3,1,2,758,112,2.90,1.220,8.2,0.8,2.8,10.6,3.79,CYA-7,luzarje01
16,Tanner Bibee,26,CLE,AL,1.1,12,11,.522,4.24,31,31,0,2,1,0,182.1,170,93,86,27,54,1,162,10,1,3,762,99,4.34,1.229,8.4,1.3,2.7,8.0,3.00,,bibeeta01
17,Robbie Ray*,33,SFG,NL,2.8,11,8,.579,3.65,32,32,0,1,0,0,182.1,148,81,74,22,73,0,186,4,1,7,755,109,3.93,1.212,7.3,1.1,3.6,9.2,2.55,AS,rayro02
18,Nick Pivetta,32,SDP,NL,5.3,13,5,.722,2.87,31,31,0,0,0,0,181.2,129,63,58,22,50,1,190,3,0,1,721,149,3.49,0.985,6.4,1.1,2.5,9.4,3.80,CYA-6,pivetni01
19,Luis Castillo,32,SEA,AL,2.1,11,8,.579,3.54,32,32,0,0,0,0,180.2,168,76,71,23,46,0,162,7,0,3,745,107,3.88,1.185,8.4,1.1,2.3,8.1,3.52,,castilu02
20,Sonny Gray,35,STL,NL,1.4,14,8,.636,4.28,32,32,0,1,1,0,180.2,185,93,86,25,38,0,201,3,0,2,753,96,3.39,1.234,9.2,1.2,1.9,10.0,5.29,,grayso01
21,Jake Irvin,28,WSN,NL,-0.4,9,13,.409,5.70,33,33,0,0,0,0,180.0,195,120,114,38,62,0,124,6,1,3,787,72,5.64,1.428,9.8,1.9,3.1,6.2,2.00,,irvinja01
22,Matthew Boyd*,34,CHC,NL,2.5,14,8,.636,3.21,31,31,0,0,0,0,179.2,154,69,64,19,42,0,154,9,0,2,718,120,3.65,1.091,7.7,1.0,2.1,7.7,3.67,AS,boydma01
23,Yusei Kikuchi*,34,LAA,AL,3.3,7,11,.389,3.99,33,33,0,0,0,0,178.1,180,87,79,24,74,3,174,3,0,8,772,107,4.23,1.424,9.1,1.2,3.7,8.8,2.35,AS,kikucyu01
24,Freddy Peralta,29,MIL,NL,5.5,17,6,.739,2.70,33,33,0,0,0,0,176.2,124,54,53,21,66,0,204,9,2,4,723,154,3.64,1.075,6.3,1.1,3.4,10.4,3.09,ASCYA-5,peralfr01
25,Brandon Pfaadt,26,ARI,NL,0.6,13,9,.591,5.25,33,33,0,0,0,0,176.2,198,107,103,26,37,2,147,12,0,3,767,82,4.22,1.330,10.1,1.3,1.9,7.5,3.97,,pfaadbr01
26,Mitch Keller,29,PIT,NL,1.4,6,15,.286,4.19,32,32,0,0,0,0,176.1,171,91,82,21,51,0,150,10,0,5,749,102,4.02,1.259,8.7,1.1,2.6,7.7,2.94,,kellemi03
27,Sandy Alcantara,29,MIA,NL,0.1,11,12,.478,5.36,31,31,0,0,0,0,174.2,165,107,104,22,57,0,142,9,2,8,745,82,4.28,1.271,8.5,1.1,2.9,7.3,2.49,,alcansa01
28,Yoshinobu Yamamoto,26,LAD,NL,4.9,12,8,.600,2.49,30,30,0,0,0,0,173.2,113,53,48,14,59,0,201,3,0,5,684,167,2.94,0.990,5.9,0.7,3.1,10.4,3.41,ASCYA-3,yamamyo01
29,Jacob deGrom,37,TEX,AL,2.9,12,8,.600,2.97,30,30,0,0,0,0,172.2,122,57,57,26,37,0,185,3,0,3,669,123,3.64,0.921,6.4,1.4,1.9,9.6,5.00,ASCYA-8,degroja01
30,Michael Wacha,33,KCR,AL,2.8,10,13,.435,3.86,31,31,0,0,0,0,172.2,166,74,74,15,45,0,126,4,0,2,716,106,3.66,1.222,8.7,0.8,2.3,6.6,2.80,,wachami01
31,Dean Kremer,29,BAL,AL,2.2,11,10,.524,4.19,31,29,0,0,0,0,171.2,163,83,80,22,45,0,142,2,1,9,708,96,3.97,1.212,8.5,1.2,2.4,7.4,3.16,,kremede01
32,Joe Ryan,29,MIN,AL,4.5,13,10,.565,3.42,31,30,0,0,0,0,171.0,138,69,65,26,39,0,194,12,2,0,689,125,3.74,1.035,7.3,1.4,2.1,10.2,4.97,AS,ryanjo04
33,Jeffrey Springs*,32,ATH,AL,2.0,11,11,.500,4.11,32,30,0,0,0,0,171.0,153,90,78,28,54,0,138,3,3,0,713,102,4.65,1.211,8.1,1.5,2.8,7.3,2.56,,sprinje01
34,Chris Bassitt,36,TOR,AL,2.1,11,9,.550,3.96,32,31,0,1,0,0,170.1,174,80,75,22,52,0,166,13,3,4,736,108,4.01,1.327,9.2,1.2,2.7,8.8,3.19,,bassich01
35,Brady Singer,28,CIN,NL,3.1,14,12,.538,4.03,32,32,0,0,0,0,169.2,150,80,76,19,60,0,163,14,0,3,716,113,3.98,1.238,8.0,1.0,3.2,8.6,2.72,,singebr01
36,José Soriano,26,LAA,AL,2.4,10,11,.476,4.26,31,31,0,0,0,0,169.0,158,89,80,12,78,0,152,5,0,8,724,100,3.73,1.396,8.4,0.6,4.2,8.1,1.95,,soriajo02
37,David Peterson*,29,NYM,NL,1.4,9,6,.600,4.22,30,30,0,1,1,0,168.2,166,84,79,11,65,1,150,7,1,3,723,95,3.48,1.370,8.9,0.6,3.5,8.0,2.31,AS,peterda01
38,Dylan Cease,29,SDP,NL,1.1,8,12,.400,4.55,32,32,0,0,0,0,168.0,152,91,85,21,71,2,215,5,0,5,722,94,3.56,1.327,8.1,1.1,3.8,11.5,3.03,,ceasedy01
39,Ryan Pepiot,27,TBR,AL,1.9,11,12,.478,3.86,31,31,0,0,0,0,167.2,134,77,72,26,61,0,167,6,0,5,679,106,4.36,1.163,7.2,1.4,3.3,9.0,2.74,,pepiory01
40,Gavin Williams,25,CLE,AL,3.8,12,5,.706,3.06,31,31,0,0,0,0,167.2,130,62,57,23,83,0,173,3,1,9,704,137,4.39,1.270,7.0,1.2,4.5,9.3,2.08,,williga01
41,Brayan Bello,26,BOS,AL,2.5,11,9,.550,3.35,29,28,0,1,0,0,166.2,147,71,62,16,59,0,124,13,0,5,700,123,4.19,1.236,7.9,0.9,3.2,6.7,2.10,,bellobr01
42,Andrew Abbott*,26,CIN,NL,5.6,10,7,.588,2.87,29,29,0,1,1,0,166.1,148,60,53,19,43,0,149,3,0,4,684,159,3.66,1.148,8.0,1.0,2.3,8.1,3.47,ASCYA-8,abbotan01
43,Shane Baz,26,TBR,AL,0.4,10,12,.455,4.87,31,31,0,0,0,0,166.1,158,91,90,26,64,0,176,9,0,3,711,84,4.37,1.335,8.5,1.4,3.5,9.5,2.75,,bazsh01
44,José Berríos,31,TOR,AL,1.3,9,5,.643,4.17,31,30,0,0,0,0,166.0,160,86,77,26,56,2,138,7,1,1,698,102,4.65,1.301,8.7,1.4,3.0,7.5,2.46,,berrijo01
45,Clay Holmes,32,NYM,NL,1.9,12,8,.600,3.53,33,31,0,0,0,0,165.2,150,74,65,14,66,0,129,13,1,6,708,114,4.11,1.304,8.1,0.8,3.6,7.0,1.95,,holmecl01
46,Nick Martinez,34,CIN,NL,2.3,11,14,.440,4.45,40,26,2,0,0,0,165.2,158,86,82,22,42,1,116,6,0,6,683,103,4.33,1.207,8.6,1.2,2.3,6.3,2.76,,martini01
47,Kyle Hendricks,35,LAA,AL,1.7,8,10,.444,4.76,31,31,0,0,0,0,164.2,167,92,87,25,43,3,114,5,0,0,695,90,4.60,1.275,9.1,1.4,2.4,6.2,2.65,,hendrky01
48,Mitchell Parker*,25,WSN,NL,-1.2,9,16,.360,5.68,33,30,2,0,0,1,164.2,178,116,104,25,58,0,103,4,0,3,725,72,4.99,1.433,9.7,1.4,3.2,5.6,1.78,,parkemi01
49,Kyle Freeland*,32,COL,NL,1.4,5,17,.227,4.98,31,31,0,0,0,0,162.2,193,105,90,22,38,2,124,6,0,2,709,98,4.18,1.420,10.7,1.2,2.1,6.9,3.26,,freelky01
50,Andre Pallante,26,STL,NL,-1.2,6,15,.286,5.31,31,31,0,0,0,0,162.2,173,109,96,21,62,0,111,5,2,12,715,77,4.68,1.445,9.6,1.2,3.4,6.1,1.79,,pallaan01
51,Luis Severino,31,ATH,AL,1.0,8,11,.421,4.54,29,29,0,0,0,0,162.2,162,93,82,16,50,1,124,16,0,3,705,92,4.11,1.303,9.0,0.9,2.8,6.9,2.48,,severlu01
52,Will Warren,26,NYY,AL,0.6,9,8,.529,4.44,33,33,0,0,0,0,162.1,158,90,80,22,65,0,171,4,1,2,711,92,4.07,1.374,8.8,1.2,3.6,9.5,2.63,ROY-8,warrewi01
53,Jack Flaherty,29,DET,AL,0.8,8,15,.348,4.64,31,31,0,0,0,0,161.0,147,85,83,23,59,1,188,5,0,4,681,89,3.85,1.280,8.2,1.3,3.3,10.5,3.19,,flaheja01
54,MacKenzie Gore*,26,WSN,NL,3.0,5,15,.250,4.17,30,30,0,0,0,0,159.2,152,75,74,20,64,0,185,5,0,12,680,98,3.74,1.353,8.6,1.1,3.6,10.4,2.89,AS,gorema01
55,Colin Rea,34,CHC,NL,0.6,11,7,.611,3.95,32,27,3,0,0,1,159.1,155,73,70,20,44,0,127,6,0,2,662,97,4.11,1.249,8.8,1.1,2.5,7.2,2.89,,reaco01
56,Chris Paddack,29,2TM,AL,0.3,5,12,.294,5.35,33,28,3,0,0,1,158.0,166,98,94,31,37,0,112,3,0,5,670,79,5.03,1.285,9.5,1.8,2.1,6.4,3.03,,paddach01
56,Chris Paddack,29,MIN,AL,0.9,3,9,.250,4.95,21,21,0,0,0,0,111.0,115,65,61,17,27,0,83,3,0,3,472,86,4.44,1.279,9.3,1.4,2.2,6.7,3.07,,paddach01
56,Chris Paddack,29,DET,AL,-0.6,2,3,.400,6.32,12,7,3,0,0,1,47.0,51,33,33,14,10,0,29,0,0,2,198,66,6.41,1.298,9.8,2.7,1.9,5.6,2.90,,paddach01
57,Quinn Priester,24,MIL,NL,2.9,13,3,.813,3.32,29,24,2,0,0,0,157.1,145,62,58,18,50,0,132,6,0,4,653,125,4.01,1.239,8.3,1.0,2.9,7.6,2.64,,priesqu01
58,Ranger Suárez*,29,PHI,NL,4.7,12,8,.600,3.20,26,26,0,0,0,0,157.1,154,57,56,14,38,0,151,6,0,0,651,137,3.21,1.220,8.8,0.8,2.2,8.6,3.97,,suarera01
59,Tomoyuki Sugano,35,BAL,AL,1.3,10,10,.500,4.64,30,30,0,0,0,0,157.0,173,85,81,33,36,2,106,8,1,3,675,87,5.36,1.331,9.9,1.9,2.1,6.1,2.94,,suganto01
60,Logan Allen*,26,CLE,AL,0.5,8,11,.421,4.25,30,29,0,0,0,0,156.2,157,84,74,18,62,1,122,6,0,4,676,98,4.37,1.398,9.0,1.0,3.6,7.0,1.97,,allenlo02
61,Nick Lodolo*,27,CIN,NL,4.9,9,8,.529,3.33,29,28,0,2,1,0,156.2,138,60,58,22,31,1,156,13,1,2,642,137,3.81,1.079,7.9,1.3,1.8,9.0,5.03,,lodolni01
62,Bryce Elder,26,ATL,NL,-0.4,8,11,.421,5.30,28,28,0,0,0,0,156.1,167,95,92,24,51,1,131,6,0,2,679,78,4.55,1.394,9.6,1.4,2.9,7.5,2.57,,elderbr01
63,Miles Mikolas,36,STL,NL,0.4,8,11,.421,4.84,31,31,0,0,0,0,156.1,169,87,84,29,37,1,100,3,0,1,669,85,5.03,1.318,9.7,1.7,2.1,5.8,2.70,,mikolmi01
64,Patrick Corbin*,35,TEX,AL,-0.4,7,11,.389,4.40,31,30,1,1,0,0,155.1,161,79,76,21,51,1,131,3,0,6,663,83,4.25,1.365,9.3,1.2,3.0,7.6,2.57,,corbipa01
65,Eduardo Rodríguez*,32,ARI,NL,0.3,9,9,.500,5.02,29,29,0,0,0,0,154.1,178,94,86,25,60,2,143,1,1,4,694,86,4.57,1.542,10.4,1.5,3.5,8.3,2.38,,rodried05
66,Ryne Nelson,27,ARI,NL,3.5,7,3,.700,3.39,33,23,4,0,0,1,154.0,124,62,58,17,41,0,132,4,0,1,619,127,3.73,1.071,7.2,1.0,2.4,7.7,3.22,,nelsory01
67,Justin Verlander,42,SFG,NL,1.2,4,11,.267,3.85,29,29,0,0,0,0,152.0,155,74,65,16,52,1,137,6,0,2,662,103,3.85,1.362,9.2,0.9,3.1,8.1,2.63,,verlaju01
68,Jack Leiter,25,TEX,AL,0.4,10,10,.500,3.86,29,29,0,0,0,0,151.2,127,69,65,18,67,0,148,5,1,10,646,95,4.15,1.279,7.5,1.1,4.0,8.8,2.21,ROY-7,leiteja01
69,Matthew Liberatore*,25,STL,NL,1.0,8,12,.400,4.21,29,29,0,0,0,0,151.2,158,79,71,19,40,0,122,4,0,6,648,97,4.03,1.305,9.4,1.1,2.4,7.2,3.05,,liberma01
70,Drew Rasmussen,29,TBR,AL,4.4,10,5,.667,2.76,31,31,0,0,0,0,150.0,116,47,46,18,37,1,127,5,0,3,585,149,3.84,1.020,7.0,1.1,2.2,7.6,3.43,ASCYA-9,rasmudr01
71,Zack Wheeler,35,PHI,NL,5.0,10,5,.667,2.71,24,24,0,1,0,0,149.2,107,48,45,19,33,0,195,8,0,2,585,163,3.00,0.935,6.4,1.1,2.0,11.7,5.91,ASCYA-9,wheelza01
72,Casey Mize,28,DET,AL,1.6,14,6,.700,3.87,28,28,0,0,0,0,149.0,153,68,64,21,36,1,139,3,0,2,627,107,3.89,1.268,9.2,1.3,2.2,8.4,3.86,AS,mizeca01
73,Bailey Ober,29,MIN,AL,1.1,6,9,.400,5.10,27,27,0,1,0,0,146.1,159,84,83,30,31,0,120,5,2,1,624,84,4.90,1.298,9.8,1.8,1.9,7.4,3.87,,oberba01
74,Shane Smith,25,CHW,AL,2.3,7,8,.467,3.81,29,29,0,0,0,0,146.1,117,70,62,17,58,1,145,12,0,8,616,110,4.10,1.196,7.2,1.0,3.6,8.9,2.50,ASROY-10,smithsh02
75,Seth Lugo,35,KCR,AL,1.7,8,7,.533,4.15,26,26,0,0,0,0,145.1,133,70,67,27,55,1,125,6,0,5,611,99,5.09,1.294,8.2,1.7,3.4,7.7,2.27,,lugose01
76,Lucas Giolito,30,BOS,AL,2.1,10,4,.714,3.41,26,26,0,0,0,0,145.0,131,62,55,17,56,0,121,1,0,4,613,120,4.17,1.290,8.1,1.1,3.5,7.5,2.16,,giolilu01
77,Shota Imanaga*,31,CHC,NL,1.5,9,8,.529,3.73,25,25,0,0,0,0,144.2,117,62,60,31,26,0,117,1,0,1,567,103,4.86,0.988,7.3,1.9,1.6,7.3,4.50,,imanash01
78,Davis Martin,28,CHW,AL,1.5,7,10,.412,4.10,26,25,0,0,0,0,142.2,136,74,65,20,48,1,104,6,2,2,601,102,4.64,1.290,8.6,1.3,3.0,6.6,2.17,,martida03
79,Taj Bradley,24,2TM,AL,-0.6,6,8,.429,5.05,27,27,0,0,0,0,142.2,131,88,80,19,56,0,127,4,1,7,605,82,4.35,1.311,8.3,1.2,3.5,8.0,2.27,,bradlta01
79,Taj Bradley,24,TBR,AL,-0.3,6,6,.500,4.61,21,21,0,0,0,0,111.1,99,65,57,13,44,0,95,4,0,4,471,89,4.24,1.284,8.0,1.1,3.6,7.7,2.16,,bradlta01
79,Taj Bradley,24,MIN,AL,-0.3,0,2,.000,6.61,6,6,0,0,0,0,31.1,32,23,23,6,12,0,32,0,1,3,134,65,4.73,1.404,9.2,1.7,3.4,9.2,2.67,,bradlta01
80,Charlie Morton,41,3TM,2LG,-0.8,9,11,.450,5.83,33,27,1,0,0,0,142.0,152,94,92,23,72,2,149,14,2,3,654,70,4.96,1.577,9.6,1.5,4.6,9.4,2.07,,mortoch02
80,Charlie Morton,41,2TM,AL,-0.9,9,11,.450,5.89,32,26,1,0,0,0,140.2,150,94,92,23,71,2,148,14,2,3,648,69,4.97,1.571,9.6,1.5,4.5,9.5,2.08,,mortoch02
80,Charlie Morton,41,BAL,AL,-0.1,7,8,.467,5.42,23,17,1,0,0,0,101.1,110,63,61,16,48,1,101,9,1,1,464,74,4.88,1.559,9.8,1.4,4.3,9.0,2.10,,mortoch02
80,Charlie Morton,41,DET,AL,-0.8,2,3,.400,7.09,9,9,0,0,0,0,39.1,40,31,31,7,23,1,47,5,1,2,184,59,5.19,1.602,9.2,1.6,5.3,10.8,2.04,,mortoch02
80,Charlie Morton,41,ATL,NL,0.1,0,0,,0.00,1,1,0,0,0,0,1.1,2,0,0,0,1,0,1,0,0,0,6,,3.89,2.250,13.5,0.0,6.8,6.8,1.00,,mortoch02
81,Michael Lorenzen,33,KCR,AL,0.4,7,11,.389,4.64,27,26,0,0,0,0,141.2,149,76,73,25,39,0,127,6,0,12,606,89,4.59,1.327,9.5,1.6,2.5,8.1,3.26,,lorenmi01
82,Erick Fedde,32,3TM,NL,-0.6,4,13,.235,5.49,32,24,1,1,1,0,141.0,147,90,86,19,67,1,83,3,0,2,623,75,5.20,1.518,9.4,1.2,4.3,5.3,1.24,,feddeer01
82,Erick Fedde,32,STL,NL,-0.1,3,10,.231,5.22,20,20,0,1,1,0,101.2,106,62,59,14,47,1,63,2,0,2,446,79,5.13,1.505,9.4,1.2,4.2,5.6,1.34,,feddeer01
82,Erick Fedde,32,ATL,NL,-0.6,1,2,.333,8.10,5,4,0,0,0,0,23.1,30,21,21,3,13,0,13,1,0,0,111,52,5.49,1.843,11.6,1.2,5.0,5.0,1.00,,feddeer01
82,Erick Fedde,32,MIL,NL,0.1,0,1,.000,3.38,7,0,1,0,0,0,16.0,11,7,6,2,7,0,7,0,0,0,66,125,5.20,1.125,6.2,1.1,3.9,3.9,1.00,,feddeer01
83,Noah Cameron*,25,KCR,AL,3.8,9,7,.563,2.99,24,24,0,0,0,0,138.1,109,46,46,18,43,1,114,3,0,3,556,137,4.18,1.099,7.1,1.2,2.8,7.4,2.65,ROY-4,camerno01
84,Edward Cabrera,27,MIA,NL,2.8,8,7,.533,3.53,26,26,0,0,0,0,137.2,121,60,54,17,48,0,150,10,0,8,581,125,3.83,1.228,7.9,1.1,3.1,9.8,3.13,,cabreed02
85,Tyler Anderson*,35,LAA,AL,2.0,2,8,.200,4.56,26,26,0,0,0,0,136.1,135,73,69,28,57,4,104,3,3,5,599,94,5.60,1.408,8.9,1.8,3.8,6.9,1.82,,anderty01
86,JP Sears*,29,2TM,2LG,0.8,9,11,.450,5.04,27,27,0,0,0,0,135.2,143,79,76,30,36,0,117,6,0,1,583,84,5.21,1.319,9.5,2.0,2.4,7.8,3.25,,searsjp01
86,JP Sears*,29,ATH,AL,0.9,7,9,.438,4.95,22,22,0,0,0,0,111.0,112,63,61,23,29,0,97,5,0,1,472,85,5.00,1.270,9.1,1.9,2.4,7.9,3.34,,searsjp01
86,JP Sears*,29,SDP,NL,-0.1,2,2,.500,5.47,5,5,0,0,0,0,24.2,31,16,15,7,7,0,20,1,0,0,111,79,6.18,1.541,11.3,2.6,2.6,7.3,2.86,,searsjp01
87,Sean Burke,25,CHW,AL,0.9,4,11,.267,4.22,28,22,0,0,0,0,134.1,131,76,63,23,63,0,133,6,0,2,596,99,4.92,1.444,8.8,1.5,4.2,8.9,2.11,,burkese01
88,Randy Vásquez,26,SDP,NL,2.2,6,7,.462,3.84,28,26,1,0,0,0,133.2,125,59,57,16,52,1,78,7,1,3,570,111,4.85,1.324,8.4,1.1,3.5,5.3,1.50,,vasqura02
89,Dustin May,27,2TM,2LG,-0.6,7,11,.389,4.96,25,23,1,0,0,0,132.1,132,78,73,21,56,3,123,12,0,1,584,84,4.88,1.421,9.0,1.4,3.8,8.4,2.20,,maydu01
89,Dustin May,27,LAD,NL,-0.4,6,7,.462,4.85,19,18,0,0,0,0,104.0,97,60,56,16,43,3,97,8,0,1,451,86,4.74,1.346,8.4,1.4,3.7,8.4,2.26,,maydu01
89,Dustin May,27,BOS,AL,-0.3,1,4,.200,5.40,6,5,1,0,0,0,28.1,35,18,17,5,13,0,26,4,0,0,133,77,5.39,1.694,11.1,1.6,4.1,8.3,2.00,,maydu01
90,Slade Cecconi,26,CLE,AL,0.8,7,7,.500,4.30,23,23,0,0,0,0,132.0,125,66,63,24,32,1,109,3,1,3,545,97,4.64,1.189,8.5,1.6,2.2,7.4,3.41,,ceccosl01
91,Jose Quintana*,36,MIL,NL,1.3,11,7,.611,3.96,24,24,0,0,0,0,131.2,120,65,58,18,50,0,89,5,1,1,556,105,4.81,1.291,8.2,1.2,3.4,6.1,1.78,,quintjo01
92,Logan Gilbert,28,SEA,AL,2.1,6,6,.500,3.44,25,25,0,0,0,0,131.0,104,53,50,20,31,0,173,7,0,10,535,110,3.35,1.031,7.1,1.4,2.1,11.9,5.58,,gilbelo01
93,Brad Lord,25,WSN,NL,1.5,5,10,.333,4.34,48,19,2,0,0,0,130.2,126,65,63,17,43,0,108,3,0,1,546,95,4.23,1.293,8.7,1.2,3.0,7.4,2.51,,lordbr02
94,Nathan Eovaldi,35,TEX,AL,4.3,11,3,.786,1.73,22,22,0,1,1,0,130.0,90,28,25,10,21,1,129,7,0,6,496,211,2.80,0.854,6.2,0.7,1.5,8.9,6.14,,eovalna01
95,Antonio Senzatela,30,COL,NL,-0.4,4,15,.211,6.65,30,23,0,0,0,0,130.0,192,103,96,22,47,2,73,8,1,9,618,73,5.48,1.838,13.3,1.5,3.3,5.1,1.55,,senzaan01
96,Jameson Taillon,33,CHC,NL,1.3,11,7,.611,3.68,23,23,0,0,0,0,129.2,110,54,53,24,27,0,98,0,0,1,519,105,4.65,1.057,7.6,1.7,1.9,6.8,3.63,,taillja01
97,Germán Márquez,30,COL,NL,-1.1,3,16,.158,6.70,26,26,0,0,0,0,126.1,168,106,94,23,48,1,83,6,0,6,591,73,5.47,1.710,12.0,1.6,3.4,5.9,1.73,,marquge01
98,George Kirby,27,SEA,AL,0.8,10,8,.556,4.21,23,23,0,0,0,0,126.0,121,60,59,15,29,0,137,7,0,3,524,90,3.37,1.190,8.6,1.1,2.1,9.8,4.72,,kirbyge01
99,Walker Buehler,30,2TM,2LG,0.0,10,7,.588,4.93,26,24,1,0,0,0,126.0,130,73,69,22,61,0,92,11,0,0,565,84,5.66,1.516,9.3,1.6,4.4,6.6,1.51,,buehlwa01
99,Walker Buehler,30,BOS,AL,-0.9,7,7,.500,5.45,23,22,1,0,0,0,112.1,120,72,68,22,55,0,84,9,0,0,508,75,5.89,1.558,9.6,1.8,4.4,6.7,1.53,,buehlwa01
99,Walker Buehler,30,PHI,NL,0.8,3,0,1.000,0.66,3,2,0,0,0,0,13.2,10,1,1,0,6,0,8,2,0,0,57,684,3.72,1.171,6.6,0.0,4.0,5.3,1.33,,buehlwa01
100,Chris Sale*,36,ATL,NL,4.0,7,5,.583,2.58,21,20,0,0,0,0,125.2,102,38,36,11,32,0,165,11,0,3,510,161,2.67,1.066,7.3,0.8,2.3,11.8,5.16,AS,salech01
101,Spencer Strider,26,ATL,NL,1.1,7,14,.333,4.45,23,23,0,0,0,0,125.1,124,63,62,20,51,0,131,8,1,1,539,93,4.53,1.396,8.9,1.4,3.7,9.4,2.57,,stridsp01
102,Bailey Falter*,28,2TM,2LG,0.8,7,7,.500,4.45,26,24,1,0,0,0,125.1,115,68,62,19,46,0,81,1,0,5,518,96,4.94,1.285,8.3,1.4,3.3,5.8,1.76,,falteba01
102,Bailey Falter*,28,PIT,NL,1.5,7,5,.583,3.73,22,22,0,0,0,0,113.1,95,53,47,17,39,0,70,1,0,4,457,115,4.91,1.182,7.5,1.4,3.1,5.6,1.79,,falteba01
102,Bailey Falter*,28,KCR,AL,-0.7,0,2,.000,11.25,4,2,1,0,0,0,12.0,20,15,15,2,7,0,11,0,0,1,61,38,5.22,2.250,15.0,1.5,5.3,8.3,1.57,,falteba01
103,Adrian Houser,32,2TM,AL,3.3,8,5,.615,3.31,21,21,0,0,0,0,125.0,122,49,46,10,38,0,92,8,3,5,518,126,3.81,1.280,8.8,0.7,2.7,6.6,2.42,,housead01
103,Adrian Houser,32,CHW,AL,3.0,6,2,.750,2.10,11,11,0,0,0,0,68.2,62,19,16,3,22,0,47,1,1,3,275,200,3.34,1.223,8.1,0.4,2.9,6.2,2.14,,housead01
103,Adrian Houser,32,TBR,AL,0.3,2,3,.400,4.79,10,10,0,0,0,0,56.1,60,30,30,7,16,0,45,7,2,2,243,86,4.38,1.349,9.6,1.1,2.6,7.2,2.81,,housead01
104,Taijuan Walker,32,PHI,NL,1.5,5,8,.385,4.08,34,21,4,0,0,1,123.2,132,62,56,21,42,0,86,4,0,1,538,108,5.07,1.407,9.6,1.5,3.1,6.3,2.05,,walketa01
105,Andrew Heaney*,34,2TM,NL,-0.3,5,10,.333,5.52,27,23,0,0,0,0,122.1,129,77,75,25,40,0,86,9,0,2,536,78,5.59,1.381,9.5,1.8,2.9,6.3,2.15,,heanean01
105,Andrew Heaney*,34,PIT,NL,-0.2,5,10,.333,5.39,26,23,0,0,0,0,120.1,125,74,72,24,39,0,84,9,0,2,525,79,5.53,1.363,9.3,1.8,2.9,6.3,2.15,,heanean01
105,Andrew Heaney*,34,LAD,NL,-0.2,0,0,,13.50,1,0,0,0,0,0,2.0,4,3,3,1,1,0,2,0,0,0,11,36,9.14,2.500,18.0,4.5,4.5,9.0,2.00,,heanean01
106,Chad Patrick,26,MIL,NL,1.9,3,8,.273,3.53,27,23,0,0,0,0,119.2,113,49,47,13,40,1,127,4,0,1,503,117,3.53,1.279,8.5,1.0,3.0,9.6,3.18,ROY-7,patrich01
107,Cade Horton,23,CHC,NL,2.0,11,4,.733,2.67,23,22,0,0,0,0,118.0,95,40,35,10,33,0,97,6,0,1,476,144,3.58,1.085,7.2,0.8,2.5,7.4,2.94,ROY-2,hortoca01
108,Cal Quantrill,30,2TM,NL,-0.6,4,12,.250,6.04,26,26,0,0,0,0,117.2,136,81,79,22,35,0,85,5,0,3,513,73,5.14,1.453,10.4,1.7,2.7,6.5,2.43,,quantca01
108,Cal Quantrill,30,MIA,NL,-0.1,4,10,.286,5.50,24,24,0,0,0,0,109.2,122,69,67,17,30,0,82,5,0,3,470,80,4.61,1.386,10.0,1.4,2.5,6.7,2.73,,quantca01
108,Cal Quantrill,30,ATL,NL,-0.5,0,2,.000,13.50,2,2,0,0,0,0,8.0,14,12,12,5,5,0,3,0,0,0,43,32,12.39,2.375,15.8,5.6,5.6,3.4,0.60,,quantca01
109,Kris Bubic*,27,KCR,AL,3.1,8,7,.533,2.55,20,20,0,0,0,0,116.1,98,38,33,6,39,1,116,3,0,1,476,161,2.89,1.178,7.6,0.5,3.0,9.0,2.97,AS,bubickr01
110,Grant Holmes,29,ATL,NL,1.4,4,9,.308,3.99,22,21,1,0,0,0,115.0,100,52,51,16,54,1,123,7,0,5,492,104,4.40,1.339,7.8,1.3,4.2,9.6,2.28,,holmegr01
111,Kodai Senga,32,NYM,NL,2.1,7,6,.538,3.02,22,22,0,0,0,0,113.1,94,44,38,12,55,0,109,3,0,5,482,133,4.12,1.315,7.5,1.0,4.4,8.7,1.98,,sengako01
112,Clayton Kershaw*,37,LAD,NL,1.6,11,2,.846,3.36,23,22,0,0,0,0,112.2,102,46,42,8,35,0,84,2,1,5,463,124,3.55,1.216,8.1,0.6,2.8,6.7,2.40,AS,kershcl01
113,Stephen Kolek,28,2TM,2LG,2.0,5,7,.417,3.51,19,19,0,1,1,0,112.2,98,49,44,9,31,1,77,7,0,0,461,121,3.82,1.145,7.8,0.7,2.5,6.2,2.48,,kolekst01
113,Stephen Kolek,28,SDP,NL,0.9,4,5,.444,4.18,14,14,0,1,1,0,79.2,78,40,37,8,26,1,56,7,0,0,336,102,4.28,1.305,8.8,0.9,2.9,6.3,2.15,,kolekst01
113,Stephen Kolek,28,KCR,AL,1.1,1,2,.333,1.91,5,5,0,0,0,0,33.0,20,9,7,1,5,0,21,0,0,0,125,217,2.71,0.758,5.5,0.3,1.4,5.7,4.20,,kolekst01
114,Cade Povich*,25,BAL,AL,-0.2,3,8,.273,5.21,22,20,0,0,0,0,112.1,125,70,65,17,43,2,118,1,0,6,488,77,4.18,1.496,10.0,1.4,3.4,9.5,2.74,,povicca01
115,Simeon Woods Richardson,24,MIN,AL,2.2,7,4,.636,4.04,23,22,0,0,0,0,111.1,96,53,50,17,46,0,107,3,1,4,471,106,4.52,1.275,7.8,1.4,3.7,8.6,2.33,,woodssi01
116,Jack Kochanowicz,24,LAA,AL,-1.4,3,11,.214,6.81,23,23,0,0,0,0,111.0,136,89,84,21,58,4,72,7,1,4,512,63,6.05,1.748,11.0,1.7,4.7,5.8,1.24,,kochaja01
117,Spencer Schwellenbach,25,ATL,NL,2.2,7,4,.636,3.09,17,17,0,1,0,0,110.2,89,44,38,13,18,1,108,2,0,2,434,134,3.25,0.967,7.2,1.1,1.5,8.8,6.00,,schwesp01
118,Janson Junk,29,MIA,NL,1.0,6,4,.600,4.17,21,16,3,0,0,1,110.0,112,54,51,8,13,0,77,4,0,2,447,106,3.14,1.136,9.2,0.7,1.1,6.3,5.92,,junkja01
119,Trevor Rogers*,27,BAL,AL,5.5,9,3,.750,1.81,18,18,0,1,0,0,109.2,70,23,22,6,29,0,103,2,1,0,423,223,2.82,0.903,5.7,0.5,2.4,8.5,3.55,CYA-9,rogertr01
120,Hunter Greene,25,CIN,NL,4.4,7,4,.636,2.76,19,19,0,1,1,0,107.2,75,35,33,15,26,0,132,2,0,5,420,166,3.27,0.938,6.3,1.3,2.2,11.0,5.08,,greenhu01
121,Landen Roupp,26,SFG,NL,0.7,7,7,.500,3.80,22,22,0,0,0,0,106.2,113,55,45,11,45,1,102,3,1,7,476,105,3.91,1.481,9.5,0.9,3.8,8.6,2.27,,rouppla01
122,Ben Brown,25,CHC,NL,-1.6,5,8,.385,5.92,25,15,3,0,0,1,106.1,121,73,70,18,32,0,121,4,0,5,472,65,4.08,1.439,10.2,1.5,2.7,10.2,3.78,,brownbe02
123,Eric Lauer*,30,TOR,AL,2.2,9,2,.818,3.18,28,15,2,0,0,0,104.2,90,39,37,15,26,1,102,2,0,0,426,134,3.85,1.108,7.7,1.3,2.2,8.8,3.92,,lauerer01
124,Jonathan Cannon,24,CHW,AL,-0.6,4,10,.286,5.82,22,17,1,0,0,0,103.2,116,69,67,19,38,1,86,6,1,2,466,72,5.13,1.486,10.1,1.6,3.3,7.5,2.26,,cannojo02
125,Aaron Civale,30,3TM,2LG,0.1,4,9,.308,4.85,23,18,2,0,0,1,102.0,96,59,55,16,33,1,88,7,2,0,435,86,4.63,1.265,8.5,1.4,2.9,7.8,2.67,,civalaa01
125,Aaron Civale,30,2TM,NL,0.4,2,2,.500,3.86,10,5,2,0,0,1,35.0,30,15,15,8,7,1,33,5,0,0,144,107,5.25,1.057,7.7,2.1,1.8,8.5,4.71,,civalaa01
125,Aaron Civale,30,MIL,NL,0.1,1,2,.333,4.91,5,5,0,0,0,0,22.0,23,12,12,5,7,1,19,2,0,0,94,86,5.59,1.364,9.4,2.0,2.9,7.8,2.71,,civalaa01
125,Aaron Civale,30,CHW,AL,-0.2,2,7,.222,5.37,13,13,0,0,0,0,67.0,66,44,40,8,26,0,55,2,2,0,291,78,4.30,1.373,8.9,1.1,3.5,7.4,2.12,,civalaa01
125,Aaron Civale,30,CHC,NL,0.3,1,0,1.000,2.08,5,0,2,0,0,1,13.0,7,3,3,3,0,0,14,3,0,0,50,191,4.67,0.538,4.8,2.1,0.0,9.7,,,civalaa01
126,Ryan Gusto,26,2TM,2LG,-0.3,7,7,.500,5.67,27,17,2,0,0,0,101.2,114,67,64,17,36,0,97,5,0,0,453,75,4.61,1.475,10.1,1.5,3.2,8.6,2.69,,gustory01
126,Ryan Gusto,26,HOU,AL,0.2,7,4,.636,4.92,24,14,2,0,0,0,86.0,95,50,47,13,28,0,87,3,0,0,379,85,4.16,1.430,9.9,1.4,2.9,9.1,3.11,,gustory01
126,Ryan Gusto,26,MIA,NL,-0.6,0,3,.000,9.77,3,3,0,0,0,0,15.2,19,17,17,4,8,0,10,2,0,0,74,46,7.09,1.723,10.9,2.3,4.6,5.7,1.25,,gustory01
127,Mike Vasil,25,CHW,AL,2.9,5,3,.625,2.50,47,3,17,0,0,4,101.0,74,32,28,8,52,5,82,8,2,4,423,168,4.32,1.248,6.6,0.7,4.6,7.3,1.58,,vasilmi01
128,Carmen Mlodzinski,26,PIT,NL,1.4,5,8,.385,3.55,34,12,7,0,0,0,99.0,102,42,39,8,27,0,89,4,0,5,419,121,3.33,1.303,9.3,0.7,2.5,8.1,3.30,,mlodzca01
129,Chase Dollander,23,COL,NL,-0.3,2,12,.143,6.52,21,21,0,0,0,0,98.0,103,76,71,18,49,0,82,6,0,2,441,75,5.53,1.551,9.5,1.7,4.5,7.5,1.67,,dollach01
130,Joey Wentz*,27,3TM,2LG,-0.4,5,7,.417,5.60,39,13,9,0,0,0,98.0,110,66,61,11,43,3,92,1,0,5,442,75,4.06,1.561,10.1,1.0,3.9,8.4,2.14,,wentzjo01
130,Joey Wentz*,27,2TM,NL,0.1,5,7,.417,4.70,33,13,7,0,0,0,90.0,93,52,47,8,34,3,86,1,0,3,393,90,3.55,1.411,9.3,0.8,3.4,8.6,2.53,,wentzjo01
130,Joey Wentz*,27,PIT,NL,0.3,2,1,.667,4.15,19,0,7,0,0,0,26.0,25,14,12,2,11,2,22,1,0,0,115,104,3.83,1.385,8.7,0.7,3.8,7.6,2.00,,wentzjo01
130,Joey Wentz*,27,MIN,AL,-0.4,0,0,,15.75,6,0,2,0,0,0,8.0,17,14,14,3,9,0,6,0,0,2,49,28,9.89,3.250,19.1,3.4,10.1,6.8,0.67,,wentzjo01
130,Joey Wentz*,27,ATL,NL,-0.2,3,6,.333,4.92,14,13,0,0,0,0,64.0,68,38,35,6,23,1,64,0,0,3,278,85,3.43,1.422,9.6,0.8,3.2,9.0,2.78,,wentzjo01
131,Tyler Alexander*,30,2TM,2LG,-0.5,5,14,.263,4.98,52,5,12,0,0,1,97.2,107,62,54,9,30,5,82,2,2,1,423,84,3.64,1.403,9.9,0.8,2.8,7.6,2.73,,alexaty01
131,Tyler Alexander*,30,MIL,NL,-1.2,3,5,.375,6.19,21,4,7,0,0,1,36.1,42,31,25,3,12,0,30,1,1,0,164,68,3.63,1.486,10.4,0.7,3.0,7.4,2.50,,alexaty01
131,Tyler Alexander*,30,CHW,AL,0.7,2,9,.182,4.26,31,1,5,0,0,0,61.1,65,31,29,6,18,5,52,1,1,1,259,99,3.64,1.353,9.5,0.9,2.6,7.6,2.89,,alexaty01
132,Mike Burrows,25,PIT,NL,1.5,2,4,.333,3.94,23,19,0,0,0,0,96.0,88,43,42,13,31,1,97,5,0,2,402,109,4.00,1.240,8.3,1.2,2.9,9.1,3.13,,burromi01
133,Michael McGreevy,24,STL,NL,0.7,8,4,.667,4.42,17,16,1,0,0,0,95.2,100,50,47,12,20,0,58,3,1,0,400,93,4.27,1.254,9.4,1.1,1.9,5.5,2.90,,mcgremi01
134,Joey Cantillo*,25,CLE,AL,1.4,5,3,.625,3.21,34,13,10,0,0,1,95.1,78,39,34,10,42,0,108,0,0,2,401,131,3.55,1.259,7.4,0.9,4.0,10.2,2.57,,cantijo01
135,Eury Pérez,22,MIA,NL,1.2,7,6,.538,4.25,20,20,0,0,0,0,95.1,68,47,45,12,32,0,105,3,2,9,385,104,3.67,1.049,6.4,1.1,3.0,9.9,3.28,,perezeu02
136,Aaron Nola,32,PHI,NL,-0.3,5,10,.333,6.01,17,17,0,0,0,0,94.1,99,65,63,18,28,0,97,4,0,1,404,73,4.58,1.346,9.4,1.7,2.7,9.3,3.46,,nolaaa01
137,Jacob Lopez*,27,ATH,AL,1.1,7,7,.500,4.08,21,17,1,0,0,0,92.2,81,47,42,15,37,0,113,8,1,0,399,103,4.26,1.273,7.9,1.5,3.6,11.0,3.05,,lopezja04
138,Sean Newcomb*,32,2TM,AL,1.6,2,5,.286,2.73,48,5,11,0,0,2,92.1,94,36,28,5,31,2,91,5,0,2,391,153,3.04,1.354,9.2,0.5,3.0,8.9,2.94,,newcose01
138,Sean Newcomb*,32,BOS,AL,-0.1,0,4,.000,3.95,12,5,5,0,0,0,41.0,55,24,18,3,17,0,41,2,0,2,190,105,3.48,1.756,12.1,0.7,3.7,9.0,2.41,,newcose01
138,Sean Newcomb*,32,ATH,AL,1.7,2,1,.667,1.75,36,0,6,0,0,2,51.1,39,12,10,2,14,2,50,3,0,0,201,240,2.69,1.032,6.8,0.4,2.5,8.8,3.57,,newcose01
139,Keider Montero,24,DET,AL,0.6,5,3,.625,4.37,20,12,1,0,0,0,90.2,95,46,44,16,31,0,72,2,0,2,389,95,4.93,1.390,9.4,1.6,3.1,7.1,2.32,,monteke01
140,J.T. Ginn,26,ATH,AL,0.5,4,7,.364,5.08,23,16,0,0,0,0,90.1,92,52,51,17,31,1,99,6,0,1,392,83,4.62,1.362,9.2,1.7,3.1,9.9,3.19,,ginnjt01
141,Tyler Glasnow,31,LAD,NL,1.9,4,3,.571,3.19,18,18,0,0,0,0,90.1,56,33,32,10,43,0,106,3,2,5,366,130,3.75,1.096,5.6,1.0,4.3,10.6,2.47,,glasnty01
142,Bryce Miller,26,SEA,AL,-0.8,4,6,.400,5.68,18,18,0,0,0,0,90.1,93,57,57,17,34,0,74,3,0,2,392,67,5.17,1.406,9.3,1.7,3.4,7.4,2.18,,millebr04
143,Emerson Hancock,26,SEA,AL,-0.2,4,5,.444,4.90,22,16,2,0,0,0,90.0,93,51,49,15,31,0,64,5,1,2,385,77,5.08,1.378,9.3,1.5,3.1,6.4,2.06,,hancoem01
144,Michael Soroka,27,2TM,NL,0.6,3,8,.273,4.52,22,17,1,0,0,0,89.2,72,49,45,12,29,0,95,15,1,2,379,91,4.23,1.126,7.2,1.2,2.9,9.5,3.28,,sorokmi01
144,Michael Soroka,27,WSN,NL,0.7,3,8,.273,4.87,16,16,0,0,0,0,81.1,68,44,44,11,24,0,87,14,1,2,343,85,4.16,1.131,7.5,1.2,2.7,9.6,3.63,,sorokmi01
144,Michael Soroka,27,CHC,NL,-0.1,0,0,,1.08,6,1,1,0,0,0,8.1,4,5,1,1,5,0,8,1,0,0,36,373,4.94,1.080,4.3,1.1,5.4,8.6,1.60,,sorokmi01
145,Luis Ortiz,26,CLE,AL,0.6,4,9,.308,4.36,16,16,0,0,0,0,88.2,80,44,43,12,42,0,96,1,0,0,382,96,4.18,1.376,8.1,1.2,4.3,9.7,2.29,,ortizlu03
146,Kyle Leahy,28,STL,NL,1.5,4,2,.667,3.07,62,1,12,0,0,1,88.0,80,32,30,5,28,1,80,1,0,5,363,134,3.04,1.227,8.2,0.5,2.9,8.2,2.86,,leahyky01
147,Tyler Mahle,30,TEX,AL,2.2,6,4,.600,2.18,16,16,0,0,0,0,86.2,69,21,21,5,29,0,66,0,1,0,346,168,3.37,1.131,7.2,0.5,3.0,6.9,2.28,,mahlety01
148,Colton Gordon*,26,HOU,AL,-0.3,6,4,.600,5.34,20,14,2,0,0,1,86.0,103,54,51,21,19,2,72,2,1,3,379,79,5.37,1.419,10.8,2.2,2.0,7.5,3.79,,gordoco01
149,Jacob Latz*,29,TEX,AL,1.4,2,0,1.000,2.84,33,8,5,0,0,1,85.2,69,28,27,7,37,2,76,0,0,2,348,129,3.72,1.237,7.2,0.7,3.9,8.0,2.05,,latzja01
150,Max Scherzer,40,TOR,AL,0.2,5,5,.500,5.19,17,17,0,0,0,0,85.0,87,49,49,19,23,0,82,2,0,2,358,82,4.99,1.294,9.2,2.0,2.4,8.7,3.57,,scherma01
151,Mitch Spence,27,ATH,AL,-0.6,3,6,.333,5.10,32,8,3,0,0,1,84.2,96,57,48,16,26,2,66,4,0,1,375,82,5.10,1.441,10.2,1.7,2.8,7.0,2.54,,spencmi01
152,Jimmy Herget,31,COL,NL,3.0,1,2,.333,2.48,59,0,9,0,0,0,83.1,72,24,23,6,26,1,81,7,2,2,347,196,3.32,1.176,7.8,0.6,2.8,8.7,3.12,,hergeji01
153,Trevor Williams,33,WSN,NL,-0.6,3,10,.231,6.21,17,17,0,0,0,0,82.2,106,59,57,11,21,0,65,2,0,1,373,66,4.13,1.536,11.5,1.2,2.3,7.1,3.10,,willitr01
154,Valente Bellozo,25,MIA,NL,0.3,1,4,.200,4.65,32,6,12,0,0,0,81.1,85,44,42,15,23,0,54,4,1,0,348,95,5.20,1.328,9.4,1.7,2.5,6.0,2.35,,bellova01
155,Logan Evans,24,SEA,AL,-0.1,6,5,.545,4.32,16,15,0,0,0,0,81.1,82,45,39,13,31,1,59,4,0,5,350,88,5.05,1.389,9.1,1.4,3.4,6.5,1.90,,evanslo01
156,Spencer Bivens,31,SFG,NL,0.2,4,3,.571,4.00,54,0,16,0,0,3,81.0,83,42,36,6,25,1,61,5,0,3,343,100,3.70,1.333,9.2,0.7,2.8,6.8,2.44,,bivensp01
157,Osvaldo Bido,29,ATH,AL,-0.7,2,5,.286,5.87,26,10,7,0,0,1,79.2,93,56,
